{"fitness": 0.8508059347983711, "nodeCount": [5, 13, 8, 13, 3], "neurons": [["{\"bias\": -0.003718014663017577, \"weights\": [-0.48313962285630696, 0.968022804999362, -0.511505370569884, 0.4529531306854473, 0.2727908617717385]}", "{\"bias\": 0.024668518298478936, \"weights\": [-0.1896619709611358, -0.0220189719058701, -0.983786014560601, -0.3295266657184672, -0.26150071141630526]}", "{\"bias\": 0.34491715915252286, \"weights\": [0.7241781469325674, 0.6603520875644915, 0.7737966842006556, -0.06154726678708444, 0.1877864535018321]}", "{\"bias\": 0.4734283059687019, \"weights\": [0.2858323547364685, -0.26065029732192957, 0.23120166374954865, -0.018396573490123025, 0.6180365235846408]}", "{\"bias\": 0.8737360282336346, \"weights\": [-0.7004999733982773, 0.2502777561713352, 0.1067091342657438, 0.2928541310985049, -0.07665518667588178]}", "{\"bias\": -0.830148400816777, \"weights\": [-0.5413656198270516, 0.38892261931851646, 0.606638393467984, 0.08007465888736398, -0.5382616177668786]}", "{\"bias\": -0.8919489615785838, \"weights\": [0.6330523430474753, -0.27297169332318205, -0.6225797601006664, 0.8669222218616348, -0.1545227158588114]}", "{\"bias\": -0.0039061551246863946, \"weights\": [0.10790729997658355, 0.6910499419007563, 0.5560941419049257, -0.8016882995126151, 0.731811104342748]}", "{\"bias\": -0.6519217471040175, \"weights\": [0.6375381911039211, 0.06395270582425594, -0.10683949772893175, -0.5650095663265606, -0.21144875850748446]}", "{\"bias\": -0.9893424802037096, \"weights\": [-0.2793159780542349, -0.866105354015622, 0.18488362663375857, 0.9785929650895331, 0.24166061447905407]}", "{\"bias\": 0.40253975174882717, \"weights\": [0.35462404679502013, -0.33805518973236004, 0.25507945579855695, -0.8383103582756262, 0.3919674000104014]}", "{\"bias\": 0.4356898379903573, \"weights\": [0.6347975576002485, 0.7123403585981976, -0.7035908463496237, 0.8747740776604476, 0.9410384654887793]}", "{\"bias\": 0.4674697341949623, \"weights\": [-0.7407719519755644, 0.08849417502200696, 0.8989617739989815, -0.543115704740893, 0.8557278870713889]}"], ["{\"bias\": 0.10020742149526263, \"weights\": [-0.677001018508071, 0.5341536901614587, -0.4196554574571407, 0.6056608069066423, 0.8428862825644159, -0.9711875486586381, -0.12755731742575294, 0.4204379677667165, 0.36907044596322525, 0.2648225243860727, 0.9810576501301789, -0.7290297411479869, 0.3188715331605252]}", "{\"bias\": -0.2805327700292861, \"weights\": [-0.7590357824930414, 0.8449228091807477, -0.9646397992546534, -0.8758874659771865, 0.15673502727152844, 0.2557514806234691, -0.5354295281487211, 0.6120905811047888, -0.3908492710399025, 0.8802246991666378, -0.9617449778352907, -0.9260932075027661, -0.44879991911287487]}", "{\"bias\": -0.6780389611715383, \"weights\": [0.2612671853681179, -0.9287060504682083, -0.41527055914406996, 0.2922694072314924, -0.8440012242845618, 0.724844817050003, -0.30129794150810096, -0.631462247995801, 0.20649145663101698, 0.189236394972361, -0.8476795305049649, 0.9118199605014439, 0.257601018804708]}", "{\"bias\": 0.3308699382521736, \"weights\": [-0.35926610521065383, -0.7022070264712541, 0.1475007566149107, -0.43335916265129004, 0.8173401909598397, 0.22035599497785285, -0.7298219668918549, 0.5901079105020084, -0.4871353555815805, -0.46027613410601953, -0.9176570236467221, -0.5547668698325641, 0.3061679427192183]}", "{\"bias\": 0.3206840513979805, \"weights\": [-0.9245514823111269, -0.6397307217585539, 0.9166063544971872, -0.1566076335039328, -0.7020873870915516, 0.4627773707336069, -0.09632876801583379, 0.22887529479501234, -0.6189300376047142, 0.4232172669550196, -0.1427340398667658, 0.9279459431354058, 0.5642652415151497]}", "{\"bias\": 0.3866004665899627, \"weights\": [0.19483315359111208, 0.49541229138662346, 0.8102652952075937, -0.15638944459800763, -0.6724087696382715, 0.5228059062428645, -0.9418831822313549, 0.05755903414668273, -0.8101237118079947, 0.08486042177556197, -0.9170003908388948, -0.7192293003118, 0.6357209455493582]}", "{\"bias\": 0.8576691119668982, \"weights\": [0.5281548671648404, -0.10823798551296182, 0.9135143917707527, -0.4064084595999147, -0.05538343574299809, -0.5020637942569928, 0.16795984253294893, -0.3416721834904819, -0.28505398449857555, 0.6850698045284878, -0.9574334025641495, 0.8195460868951845, -0.5093612468238402]}", "{\"bias\": 0.6226841080859045, \"weights\": [0.9484641833223146, 0.25117240513059214, 0.7682245506914807, 0.0759932596121966, -0.615483196658601, 0.4022857840878973, 0.2360544537180438, -0.6051481082697294, -0.3880593679660447, -0.24703496902313304, 0.821878599968686, 0.3132499391878756, -0.5213888952115961]}"], ["{\"bias\": -0.1682399878737888, \"weights\": [-0.8797616036581355, 0.9458088134039266, 0.7426074504895257, -0.4267020497227363, 0.07075437536507967, 0.3110458165410066, -0.15398147676547902, -0.47150678218698205]}", "{\"bias\": -0.6716407509225404, \"weights\": [-0.6592214496573316, 0.22740703109629234, -0.8216931777289649, -0.10535640428476678, -0.02800908215951603, -0.06171190117148284, -0.495700199094927, 0.199355903675841]}", "{\"bias\": 0.9635142294987729, \"weights\": [-0.2965167960863777, 0.7539557464962301, 0.6207220865020397, 0.5627403856133293, 0.5850664148569382, 0.15148173913387097, 0.7307840998672195, 0.6214824855628969]}", "{\"bias\": -0.03585601525311821, \"weights\": [0.05967019435439891, -0.5332871758357796, -0.588415742534808, -0.6884070318131255, -0.5933824869729356, -0.7931605293217054, -0.8392464380547304, 0.20239495388765483]}", "{\"bias\": 0.8240643607961113, \"weights\": [-0.3984040684624519, 0.8359394050417117, 0.8254491100272214, 0.049691032565928994, -0.5458341238919053, 0.5172812264957998, 0.42314833419205944, 0.9413045700870457]}", "{\"bias\": -0.2530469899508474, \"weights\": [0.6305295771815176, -0.16530939528812083, -0.6963540415139051, -0.32360853050139937, -0.4475423660668345, -0.4750168596698823, -0.012926026552901204, -0.6201843629217274]}", "{\"bias\": 0.8086637004771642, \"weights\": [-0.45776828532262104, 0.5828705829200762, -0.10543606196262667, -0.7545744036381874, -0.9272480515094657, 0.5128434213477289, -0.7989879948807772, 0.9175284775793358]}", "{\"bias\": -0.08289216987158299, \"weights\": [0.026152966012857437, 0.6867862853385083, 0.12844724392430873, -0.5035488675593256, -0.14653308504563878, 0.7940722343182678, -0.7072687347801712, -0.1808578190936907]}", "{\"bias\": 0.6662949016721413, \"weights\": [0.4176719808515663, 0.6362525789748108, 0.3308216438448299, -0.6056258461719772, -0.03313986344956277, -0.8334598245754965, -0.5112666791748623, -0.43842097157033355]}", "{\"bias\": 0.8558770286747053, \"weights\": [0.20231643775722774, 0.10304768246326623, 0.1841681290474544, -0.6492550929016518, -0.6689569643745825, -0.3059663477620709, 0.4751756712818578, 0.7320948360586468]}", "{\"bias\": -0.4021067336248876, \"weights\": [-0.852983528500447, -0.1393111610771247, 0.5817749691253837, 0.8251951175793577, -0.5496579943499338, 0.7360411210585922, -0.5712505719283874, 0.25982007038196286]}", "{\"bias\": 0.42762527209114487, \"weights\": [-0.9773099515022092, 0.15617297698114974, -0.5323884586796512, 0.9178976846714213, -0.7868830277145324, -0.024066953454901396, 0.8455420009754004, 0.594054921905006]}", "{\"bias\": -0.674916842565356, \"weights\": [-0.9959769788742892, -0.8534199320531042, 0.7051144314454059, 0.39698248867737496, -0.7351730209597238, -0.9499236959621373, 0.6565919174445785, -0.8837325224462662]}"], ["{\"bias\": -0.21575960073861267, \"weights\": [-0.1492878273676861, -0.7533982974533313, 0.7464141956558843, -0.0295675464222227, -0.9849660299246641, 0.2633171735677118, -0.6861211818508821, 0.27033909047503935, 0.44899187061609225, -0.9379114569983595, 0.23960255812109477, -0.6041497268825342, -0.2937166724668616]}", "{\"bias\": 0.9066003250839074, \"weights\": [-0.7969732834135443, -0.12979648723899073, -0.3764529417769087, -0.3461304777877958, 0.19970424148391408, 0.498935041435137, -0.9972810113902899, 0.414259312622258, 0.9568241271372273, 0.4953969945222565, 