{"fitness": 1.5121869938887258, "nodeCount": [5, 13, 8, 13, 3], "neurons": [["{\"bias\": -0.05949900474954739, \"weights\": [-0.28085965781920486, -0.28913793428272094, 0.885752862504158, 0.3259418344629328, -0.04795422596574106]}", "{\"bias\": -0.7091316201601587, \"weights\": [0.8390217196169067, 0.7906745039852983, -0.9254186389196, -0.9257858740461857, -0.052642047020620586]}", "{\"bias\": 0.4388182530283844, \"weights\": [0.7509596611732678, 0.9716516114335265, 0.26306432151542203, -0.06405484530760086, -0.9707826434333549]}", "{\"bias\": -0.31933031267004175, \"weights\": [0.8580825609745037, 0.13789882896087668, 0.1082421821294024, -0.869561015339636, -0.5557506895095727]}", "{\"bias\": 0.13262278589625165, \"weights\": [-0.46088634653296867, 0.16780370112568876, -0.6631446081448644, -0.47639845368077416, -0.385785071020442]}", "{\"bias\": -0.5725469249222519, \"weights\": [-0.8095489339753583, -0.015362707830305133, 0.42515999587795994, 0.5617034215680528, -0.41265583631111147]}", "{\"bias\": -0.5321662598983838, \"weights\": [0.8532240594658489, -0.8938905575262934, 0.41221989618868093, -0.8152410996081367, -0.056051001795925925]}", "{\"bias\": -0.6714677065476429, \"weights\": [0.37592988228587854, -0.7210099457783459, 0.24111475039708075, 0.9525323024591397, 0.8101368039748134]}", "{\"bias\": 0.8816885643984838, \"weights\": [0.3839543858933385, -0.2564418675954818, -0.5441247021869464, 0.4017505962245844, -0.8484757992176115]}", "{\"bias\": -0.9385718163698393, \"weights\": [-0.6495990590053333, -0.5161727533954312, 0.2525023532839834, -0.054740065489533585, 0.7516092400329935]}", "{\"bias\": -0.3955790175718219, \"weights\": [-0.17843109964160297, 0.8111051569150924, 0.2619771637142194, -0.09307328790217873, 0.5887284985034558]}", "{\"bias\": 0.10356534437160936, \"weights\": [-0.37867262968757953, 0.5253228193531894, -0.3232090326755783, 0.9656822227737776, -0.7530639424564647]}", "{\"bias\": 0.8490555481016728, \"weights\": [-0.4689716936330204, 0.861499286395641, -0.526184706955592, 0.5671681590066857, -0.805163501833676]}"], ["{\"bias\": -0.39010966885999254, \"weights\": [-0.30277369436560564, 0.6486016583145573, 0.1584269798372988, -0.8798204148672566, 0.8457566547577144, -0.3252108723559308, 0.8023736377750237, 0.15204210532365647, 0.8160209567576631, -0.18627385254971962, 0.34665827098886237, -0.8606337117864742, 0.7283025689832638]}", "{\"bias\": -0.31470352686073255, \"weights\": [-0.5268469788383523, 0.6075401534704392, -0.05768341557831791, 0.23685934284925647, -0.05953544648329512, -0.2672793492050871, -0.6884567420140784, 0.2728956802286222, -0.588093783201719, 0.1611761592597154, 0.34381889147558287, 0.6240274326881734, 0.4059417226682367]}", "{\"bias\": -0.23027605090906, \"weights\": [-0.00931301966000242, -0.06947976835938685, -0.5924388796930924, -0.33683640728644404, 0.25057625130865446, -0.7622404144227986, -0.006738981555284962, -0.5905810143110413, 0.6321338135210486, -0.8963265253012291, 0.5299262976131824, -0.26418702558789464, 0.4787626562865941]}", "{\"bias\": -0.27974197426811664, \"weights\": [0.7171766620469744, -0.22359331361076018, -0.7677950759859549, -0.27037195117263524, 0.7712248909502071, 0.6743550687434885, 0.26110267003449117, 0.9982593426539401, 0.32658157574456825, -0.7504947032427749, -0.06621920805806081, -0.06381101368447895, -0.7354714148838737]}", "{\"bias\": -0.6212823201797775, \"weights\": [-0.4400148473919323, -0.03808090604212033, -0.6757604829598924, 0.10052091603252111, -0.30162849935270963, -0.08518605005634905, 0.23399233605518033, 0.6367444696931261, 0.6680851120306499, 0.7131576915068236, 0.6294550537821308, -0.24795965501538086, 0.18887673283273387]}", "{\"bias\": 0.21826325182071016, \"weights\": [0.833890020986993, 0.7987481450659981, 0.15281822467660855, -0.3627969138251572, 0.8107827565984218, 0.24615800487079387, -0.9586981506949854, -0.14471926886571884, -0.014310703224517551, 0.7228143565001626, 0.22006322439443116, -0.06907905434602934, -0.3959707790762339]}", "{\"bias\": -0.66109517792263, \"weights\": [-0.1825697990431081, 0.7096751937493968, -0.6370233964900813, 0.8005834615733312, -0.842502630164361, -0.9201373611368606, -0.16887556394547865, -0.26988671206904247, 0.6174648455813836, -0.19415622081692385, 0.38484802174544286, 0.8974614266430556, 0.9925511196424934]}", "{\"bias\": -0.22065175509985435, \"weights\": [-0.7232389036691094, 0.10383510324184297, 0.4949877799547404, -0.7471459532339926, 0.8549763679335096, 0.21664692560632415, -0.9655039979492275, -0.9622688448310213, -0.09190299909474287, 0.790609591241189, 0.10064199067425483, 0.10018272995515942, 0.8674501888996264]}"], ["{\"bias\": -0.9550037119887131, \"weights\": [-0.60761978500441, 0.2508254133437495, -0.8379445816865885, -0.8631716758607191, 0.3256931483544996, 0.31641383560665215, -0.2960162759911351, 0.2823464890822043]}", "{\"bias\": -0.053242636972846036, \"weights\": [-0.42010351609652763, 0.321919941884238, -0.9094818187536025, 0.22975358987537775, 0.8641641490058056, 0.4709092599750824, 0.8291117030901758, 0.9193253882194954]}", "{\"bias\": 0.48296952589421704, \"weights\": [0.4057978245865943, 0.5225757090528218, -0.41612576548244196, -0.6137969964098902, 0.05817294285299446, 0.6649121424730953, -0.8650671915833519, 0.729691710574951]}", "{\"bias\": 0.5507742071250883, \"weights\": [-0.4864421536950432, -0.3225592611690602, -0.806715691283775, -0.2635527873759762, 0.060654601031216115, 0.6386469404153077, 0.688527349455144, 0.3787604951174457]}", "{\"bias\": 0.5360203944531365, \"weights\": [0.21550372635599446, -0.9104062192728961, -0.5401016677083228, 0.5943259112756336, 0.09064372574724766, -0.573981143566386, -0.6155831459858025, -0.33869991835909197]}", "{\"bias\": -0.0755975973436025, \"weights\": [-0.48936936480134663, -0.34026008395321417, 0.3945931227907191, 0.9025436980006674, 0.2834641173570287, -0.6275898611571284, -0.7089917608975043, 0.4476809828605477]}", "{\"bias\": 0.4984500944265835, \"weights\": [0.8835040338157891, -0.30750827952263116, 0.6622980208781712, -0.2052397767931844, 0.4386192264333071, 0.37278701814128246, 0.8021054185609509, 0.6650038620162082]}", "{\"bias\": -0.9492384752918979, \"weights\": [0.9952966216847514, -0.6359567461611777, 0.7494952766103149, -0.9501308818198164, 0.00600465389562066, 0.2179663598649011, 0.6037909701018285, 0.0007455034850378794]}", "{\"bias\": 0.22987262778461526, \"weights\": [0.9690427849745629, 0.10641553060142295, 0.6233251171249836, 0.621653565507303, -0.7032342113550549, 0.36468375757775706, -0.6776033714354162, 0.4816256489553028]}", "{\"bias\": -0.8657415032982931, \"weights\": [0.8142376901462631, 0.06753871117157217, -0.22283462483524286, 0.2483873992852994, 0.9573790935812725, 0.4800570592322917, 0.07881046112344747, 0.2840313952172713]}", "{\"bias\": -0.5338918131711865, \"weights\": [-0.8514930967227741, -0.7811190667548795, 0.6031789215523218, -0.7250887200867464, 0.8624151618532088, -0.15843808074241816, 0.03506987062437794, 0.03874934867082902]}", "{\"bias\": -0.7141377932426265, \"weights\": [-0.24730322677577377, -0.46186636225583233, -0.405672364046366, -0.02194808078246524, -0.777293096997673, -0.3270693403537617, -0.9666160540586819, -0.5645606689686686]}", "{\"bias\": -0.4082224409760751, \"weights\": [0.5422392524770006, 0.7299325594925201, -0.5377917897343132, 0.11160977427536056, 0.515489913341272, -0.43235159844906823, 0.0804373221394068, 0.9673218392986771]}"], ["{\"bias\": -0.9791247664738723, \"weights\": [-0.2081138250934058, 0.09994194618603269, -0.27672741966741854, 0.6844147964204728, 0.18366578533371825, 0.9861379238049577, -0.492595682790254, -0.31421635297888373, -0.8914074501108682, -0.21201616029802595, 0.8482916317760154, 0.8153835839399681, -0.3689203092674125]}", "{\"bias\": -0.98275351160404, \"weights\": [0.13316787730154545, 0.13634202518941274, 0.5570769017284456, -0.9525352770180244, 0.9295856776651437, 0.14800333161751977, -0.3387492310789466, 0.9680545285644222, -0.5394632249274662, 