{"fitness": 1.598186263159631, "nodeCount": [5, 13, 8, 13, 3], "neurons": [["{\"bias\": 0.6733661601281189, \"weights\": [0.5396014539782252, 0.3615440412204609, -0.5788706918552691, 0.48129729826770995, 0.5807345512885991]}", "{\"bias\": 0.3248288871200753, \"weights\": [-0.6691346948617249, 0.9175930001059387, -0.9736075459137565, 0.05747426865588001, 0.15137373349319394]}", "{\"bias\": 0.6490285974728489, \"weights\": [0.7418857451096865, -0.49510607461853917, 0.44430170333205, -0.3529034079280704, -0.5333732091548802]}", "{\"bias\": 0.911182767641203, \"weights\": [-0.12645217788075525, -0.7915481850075554, -0.5668242841733326, -0.5267050634233927, 0.7190906307166447]}", "{\"bias\": 0.009001578381002018, \"weights\": [0.044218100072518585, 0.27549121652377817, 0.22212911183346273, -0.18293061376982167, -0.6354567585117239]}", "{\"bias\": -0.13727925905203442, \"weights\": [0.7117454210383243, 0.3650101479163512, 0.7587059276434249, 0.6840193782321926, -0.1771288017265995]}", "{\"bias\": 0.038042481684839036, \"weights\": [0.8733876649556382, 0.9287867204284164, -0.8349950467237555, -0.04786437564390944, -0.9446032113338061]}", "{\"bias\": 0.09405388470912168, \"weights\": [-0.900311542381486, 0.03358413140891359, 0.6889737111805996, -0.9528867252768243, 0.19857880114917137]}", "{\"bias\": -0.1565424437254943, \"weights\": [0.42664270570768226, 0.5660222182273638, 0.3791808277943325, -0.8855133906852466, 0.5636337424604214]}", "{\"bias\": -0.5697337699416585, \"weights\": [0.513194564714202, 0.6511505555993871, -0.950451729317404, -0.7687163556599665, 0.5960052032320344]}", "{\"bias\": 0.7608748397384288, \"weights\": [0.7858646664318643, -0.008507729393809171, 0.6581139248601362, -0.3986268842407581, 0.20668882066295868]}", "{\"bias\": -0.03609346782544276, \"weights\": [-0.43626402056018887, 0.2682373909147866, -0.15678724096611907, 0.7726809000378863, 0.9422276874710149]}", "{\"bias\": 0.4025705812447713, \"weights\": [-0.36902879023037394, -0.5486038855396624, 0.5086443712710658, -0.3681583731989886, 0.8151470267387297]}"], ["{\"bias\": 0.29704471449764447, \"weights\": [0.8831567426286349, -0.5589673282424941, 0.900845122119631, 0.684566490975953, -0.4570040534882218, 0.7512155969963237, -0.021057119154434867, -0.060609095210449215, -0.09338618209258875, -0.4872797668878823, 0.0061956599215970964, -0.7898557059611975, 0.816732581757079]}", "{\"bias\": 0.8736855513913864, \"weights\": [-0.527929309444122, 0.8573729453252974, -0.1563462219202607, -0.740654929601209, 0.1389421862675302, 0.4296206404066225, 0.21941715247688287, -0.29356980240514186, 0.18014592323330048, -0.15336552397656544, -0.7925659270116792, -0.22559500327455173, 0.17028889140912562]}", "{\"bias\": 0.7769106686373222, \"weights\": [0.02843047344557892, -0.8726425425738358, -0.3437387768331268, 0.9039477906258861, 0.2077191577160442, 0.5194408588133517, -0.7166408888137321, 0.5724920890760659, -0.2863822391080002, 0.06002484190121571, -0.46836561801305576, -0.4910016424234376, -0.07472843473095381]}", "{\"bias\": -0.20334767347306926, \"weights\": [-0.6695849323567518, 0.5168471175323774, 0.9186031460952948, 0.5049151020180349, -0.14908451907702536, 0.5571114327677453, -0.7446356606502269, 0.38394631490524334, 0.36224592286935264, -0.9639551246990685, 0.33035165318280435, -0.10760649415156665, 0.2789531810682644]}", "{\"bias\": -0.334934949235866, \"weights\": [0.14053109605621739, 0.744530633046607, 0.6082072409198249, 0.9563537154213522, 0.3786333587028172, -0.36042302402552795, -0.46293146931997065, -0.5088077362524857, 0.9358714489303885, -0.6627778161108822, -0.37070849502853753, -0.7863225104900293, -0.4203635124330576]}", "{\"bias\": -0.7353454990315094, \"weights\": [-0.2656471250049641, -0.858271589630003, -0.032852875662401804, -0.19540708502985082, -0.7028060378440306, 0.019034874595589057, 0.37400623363376306, -0.0955867723834527, 0.862647809647431, 0.956840407191301, 0.6670613110571444, 0.9389756733481274, -0.5565439486435901]}", "{\"bias\": 0.911226017732113, \"weights\": [-0.4322850862298686, 0.6321174032629773, 0.2867799620482556, -0.9696948612552609, -0.975993535599073, 0.24404807314626886, 0.6095072935878654, 0.01714592032429385, -0.9481060851291416, -0.8101461489566195, -0.7203468176455978, 0.4715478273631901, 0.47580838432081696]}", "{\"bias\": -0.2822755910117585, \"weights\": [-0.23114904272247272, -0.3716056961260754, 0.4502361611323329, -0.5577672366394659, -0.4433644831690051, -0.1678291048274143, -0.592052496853313, 0.8619119973410481, -0.566618005145407, 0.48811381635353124, -0.7926436881615531, 0.4142536062531883, -0.1687575214271182]}"], ["{\"bias\": 0.5560354773808691, \"weights\": [-0.5542807684237421, -0.7806897073943491, -0.7798887795209608, 0.5995546554443267, -0.3301921575443003, 0.723955859401928, -0.3729924427707205, 0.6832947142153485]}", "{\"bias\": -0.8573180827201798, \"weights\": [0.04446389099736714, 0.24359783518494327, 0.10885233115454396, -0.5731778736348181, 0.15934971427417444, -0.2531973415124762, -0.5684917370311544, 0.3863147493754602]}", "{\"bias\": -0.4032873806700443, \"weights\": [-0.7022158038112216, -0.7953967352226741, 0.48724962359929624, -0.21488693368437284, -0.5101376116738421, 0.790680139836544, 0.7762130671250829, -0.49946098084498103]}", "{\"bias\": -0.9319255154291428, \"weights\": [-0.706104220462543, 0.6827245796487693, -0.34658242735951883, -0.310052289995816, 0.8957580961092007, 0.04786246324675769, 0.4556283680632447, -0.20347537915171188]}", "{\"bias\": 0.037899834877297645, \"weights\": [0.29571468013800084, 0.44974522170688225, -0.2790684881393404, 0.6384145056670807, -0.26641788693771984, 0.2359193551142884, 0.9561692165069704, 0.20263311526652084]}", "{\"bias\": -0.46412999468423277, \"weights\": [-0.08120941001768256, 0.31360834086197253, 0.916202449049782, 0.4083525736963507, -0.21844390727727814, -0.8855131170224473, -0.20654123133761426, 0.6322198459032133]}", "{\"bias\": 0.1327177059132112, \"weights\": [0.567843236913941, 0.8532444119805196, 0.6012942784988684, -0.5119964342005301, -0.3897125858792121, 0.264510504079295, -0.4098992379968407, 0.8982276175505246]}", "{\"bias\": 0.5969397532632883, \"weights\": [-0.9285848237872443, 0.9502801962280087, 0.48126896353147175, 0.09937585142680083, -0.7827611690583929, 0.7032336867341298, -0.7621602376814258, -0.10895966452615524]}", "{\"bias\": -0.6718547383079831, \"weights\": [-0.8394010769116946, 0.7191245303788962, 0.9138008474100032, -0.32548469324671303, 0.7676271839762114, -0.8108237203451314, -0.21245943985264004, -0.8751504075207583]}", "{\"bias\": -0.49131412215968084, \"weights\": [0.2993250418635447, -0.24347707605985636, -0.9145293564200139, -0.5897769149233503, 0.4761161291372238, 0.3803289200820503, 0.29968098840690116, -0.762746791519971]}", "{\"bias\": 0.9246432657165959, \"weights\": [-0.011297282438801348, 0.0583578064063468, -0.19160112729137802, -0.8752246467641778, 0.9286139030510436, -0.07982219398411883, 0.19709872125306038, 0.20172590361513087]}", "{\"bias\": 0.7528474126880698, \"weights\": [-0.6173219230312732, -0.21901088909416422, -0.809820072611444, 0.6020321686503114, -0.3989282489329622, -0.9309979190101709, -0.3504690378873192, -0.9989166118348751]}", "{\"bias\": -0.02658387757978975, \"weights\": [0.21398894994536, 0.2887340431901295, 0.6792533166779038, 0.16827265673106084, -0.24942037473728318, 0.6222848041872628, -0.07064361165890465, 0.03957276117269637]}"], ["{\"bias\": 0.2845339397639095, \"weights\": [-0.8853171150106323, 0.5305798203964718, -0.2742895129002847, 0.47304455004904966, 0.6392957006304558, 0.5971878225237441, 0.7045160406893274, -0.9842431775348279, 0.04376401328570134, 0.24296064916478377, -0.6094692277376541, -0.04070679793793497, 0.6197703768165237]}", "{\"bias\": 0.45904606763463884, \"weights\": [0.8858458753706788, -0.8165155037666734, 0.9696140136472884, 0.4889231867504964, -0.4731696468090223, 0.6513311039737779, -0.903981149693535, 0.821649483943081, 0.18689544481903275, 