{"fitness": 0.946423665110921, "nodeCount": [5, 13, 8, 13, 3], "neurons": [["{\"bias\": -0.8346316695258937, \"weights\": [0.11762018288115739, 0.1398900654225994, 0.6464869405383391, 0.3003223270653663, -0.09727834991633544]}", "{\"bias\": -0.3384724363547702, \"weights\": [-0.6970847627628571, 0.9092136123248582, 0.3769952653468036, -0.37836282391065845, -0.7772146243302733]}", "{\"bias\": -0.40965235836052694, \"weights\": [0.8032781755361049, 0.09592223074498141, -0.35467604054767166, 0.5349238451481071, -0.7675393529206329]}", "{\"bias\": -0.13815488588639502, \"weights\": [-0.4162641859225882, 0.7458791001048677, 0.5315336138478468, 0.6035223035915658, 0.35506893363188485]}", "{\"bias\": 0.8146376483455773, \"weights\": [-0.2537849705222701, 0.29091109311648733, 0.19483722878458187, 0.47702012734545773, -0.7123826273495577]}", "{\"bias\": 0.0026274419585405884, \"weights\": [0.7212140430611997, -0.4284026243686543, 0.9722232647964149, -0.3527057152622919, 0.17280548565221232]}", "{\"bias\": 0.0628844324066602, \"weights\": [0.9254933760084278, 0.7927738844578069, -0.8788291299081521, 0.37620714779594433, 0.6465720360609666]}", "{\"bias\": 0.09269321096466365, \"weights\": [-0.6563189354050418, -0.4609278021203471, 0.17175326569300986, 0.15811434798616641, -0.5323884119964937]}", "{\"bias\": -0.43997875059185665, \"weights\": [0.1494634710455276, -0.6911758234921317, 0.11662656205641331, 0.20123459813004496, 0.6430834881924263]}", "{\"bias\": -0.8998807219798663, \"weights\": [0.7444552774944915, 0.19765230425851144, 0.21988841613464394, -0.6536403929478336, -0.17808749090953246]}", "{\"bias\": 0.14064508968769163, \"weights\": [-0.8724319183071427, -0.9425845660990146, -0.17089223587647862, 0.39406065827795733, 0.4915684729694818]}", "{\"bias\": 0.33814085685374984, \"weights\": [-0.5663483994935024, -0.14239931568625974, 0.0159070447371934, 0.10132612756329773, 0.6295160263429327]}", "{\"bias\": 0.6886945005007543, \"weights\": [-0.47150062815404836, 0.8717396300536542, 0.03676727026375737, 0.586942606725043, 0.948182092206685]}"], ["{\"bias\": -0.8056219616462255, \"weights\": [-0.25316120745014725, 0.8383239703695204, 0.2585883418586372, 0.03620450952754495, 0.8286145676890506, 0.7977661178984952, -0.44321426548542897, -0.6271616762696945, -0.9120693340430557, -0.5520880337701402, -0.7963950407117721, -0.7776459034037033, -0.8638627480037293]}", "{\"bias\": 0.9760803803608031, \"weights\": [-0.8578884571229914, 0.4750239995226113, -0.9451349517724112, 0.5438937083789095, 0.9824180734142698, 0.449009129809145, 0.17606418182382821, 0.2306884235908344, -0.7411978062098872, -0.18689344453711176, 0.3226555114409335, 0.0020152661432815133, -0.00953619141813844]}", "{\"bias\": -0.14933064342679359, \"weights\": [0.9853774307044776, -0.46636661201940455, -0.1367285123376598, 0.23537656608157875, -0.9327597502848815, 0.9296361522047965, -0.8500315829472558, 0.5608143960838912, -0.6633895942221626, 0.3937174950905198, -0.39301346712991014, -0.3454403165743378, 0.9635487916305137]}", "{\"bias\": 0.07542375254560807, \"weights\": [-0.052362809213523986, 0.24444388198618205, 0.3758231865146189, 0.22601073833130703, 0.3208817086455087, 0.6874410475067638, -0.0550673909096846, -0.9849245036054615, 0.6479947831446542, 0.8384380097484267, -0.7309724272493039, 0.61856986201437, 0.3901248988866881]}", "{\"bias\": 0.303993653684836, \"weights\": [-0.14948301574075806, -0.5261401277710116, -0.054807780796437555, -0.1649863020778639, -0.7066401852826014, 0.29868672716059597, -0.37630917460982016, -0.9663278807440214, -0.41939532777241983, -0.6004974001233103, 0.192201238069452, 0.9261180668700271, 0.38282206544731445]}", "{\"bias\": -0.8735919000652448, \"weights\": [0.9324292032875998, 0.5428605422330943, -0.11196750287949908, -0.6970127761602818, -0.05923511100917489, 0.8661203618701352, -0.8821271051163551, 0.882743934856399, 0.6946657938930418, 0.6964250555085765, -0.3976265112351931, -0.7968589914471664, 0.6089241049108298]}", "{\"bias\": -0.4909679323790217, \"weights\": [0.6545519688670587, -0.30604485193360786, 0.21516629406040955, 0.09871678354685431, 0.7635776666218004, 0.7363271798105226, 0.5494868451583499, 0.663642164404715, 0.6247595591229993, 0.4159489280671249, 0.35746610287981007, -0.9136067375036006, -0.6019258256516313]}", "{\"bias\": -0.5075692276205135, \"weights\": [0.902290676947465, -0.32693848674116954, -0.40799463210429754, -0.4174866300422777, -0.9361636024892248, -0.46180793440122647, 0.7653836587809357, 0.13395012857579203, 0.5771048496661595, 0.8161794102191955, -0.4298139851118672, 0.00786155858388038, 0.10851044511323549]}"], ["{\"bias\": 0.07987939282100598, \"weights\": [-0.8316159512325239, -0.04964023648067806, 0.9227780749746488, -0.6308979766761877, -0.7004608851411183, 0.863268976834787, 0.2298971587352312, 0.5112363126138131]}", "{\"bias\": 0.2518583707425044, \"weights\": [0.8672573114626274, -0.9647473866616776, -0.28662841356168234, -0.4461820832425667, 0.6536107589979847, -0.868158680715956, -0.9702858663825107, -0.242486201412337]}", "{\"bias\": 0.4990463456468328, \"weights\": [0.09812349760900463, -0.5677067551257458, 0.728988691149016, 0.06300611353284702, -0.35496859027359173, -0.7755469071656536, 0.7417893828574973, 0.6513093051700585]}", "{\"bias\": -0.9295756648548101, \"weights\": [-0.38030268379582255, -0.035545483664950916, 0.9164145246849662, 0.13757269899670166, 0.07562534303868773, 0.10776171668485124, -0.0973686521614654, 0.16156111224688074]}", "{\"bias\": 0.7581995698232584, \"weights\": [0.4670576870496701, 0.971479276280582, 0.8187387540521665, -0.49541824798268563, 0.5369031219475793, 0.9026204580389912, 0.0823380423841844, 0.23318746910498933]}", "{\"bias\": 0.32655652409318736, \"weights\": [0.9161894651055735, -0.6623832144901487, 0.9139528634838896, -0.6859864194026897, -0.8389394502595768, 0.3314051370785267, -0.27352383277375103, -0.5166619176539959]}", "{\"bias\": -0.6133878399036192, \"weights\": [-0.04608567182937939, 0.1971611181444759, -0.4978417853291972, 0.12465693878165673, 0.45972583024895397, 0.6452971762459565, -0.7838410101973543, -0.07946976923297688]}", "{\"bias\": -0.11454267310948985, \"weights\": [-0.7631800955107757, 0.28267509567208426, -0.954000085492132, -0.924078149503921, 0.16041776536460528, -0.5319212423026052, 0.4663849464832488, -0.2521279942419481]}", "{\"bias\": -0.7354266371412996, \"weights\": [-0.01965529134545574, -0.3785974619145629, 0.3060811531563534, -0.20853806687009624, 0.8843074140380425, 0.5714223227346242, 0.981618691450945, -0.05519635357207764]}", "{\"bias\": -0.1594398173900229, \"weights\": [-0.2371796890695248, -0.5617612053134975, 0.40984877036362466, 0.3740648837293936, -0.32061299792783093, 0.8513025255210744, 0.2121293058458733, 0.7004163649860269]}", "{\"bias\": 0.19164302487836737, \"weights\": [0.15683407060165844, 0.956464467451883, -0.037843018471838574, 0.23290448484689308, 0.9726045255062625, -0.1318262444277296, -0.5347858400039396, -0.05414861969127638]}", "{\"bias\": -0.7686629357175139, \"weights\": [-0.7384225724091127, 0.21310013421440654, 0.38125717236282575, 0.927934771502307, -0.23283879810955277, -0.04703412331173973, 0.48497898438016884, 0.6283087178542102]}", "{\"bias\": 0.3868659430164503, \"weights\": [0.25180784552350377, -0.5520832236179509, -0.22900680059723144, 0.2107327321182415, -0.5713776626929965, 0.9574950367032924, -0.7434742894156392, 0.39659233314898734]}"], ["{\"bias\": 0.7533097622925251, \"weights\": [0.5847996817977577, 0.4263232158504151, 0.15780377490145114, 0.5486895660998938, 0.270981055913178, 0.5099497320573454, 0.7730505252833872, 0.17407145189139528, 0.9989762275602891, -0.5643574073373809, 0.6377425181676848, 0.6670315030514113, -0.7661813918795854]}", "{\"bias\": -0.3405971810112629, \"weights\": [0.7615782948163698, -0.7722988261137929, -0.5988747119535107, 0.7699546979513678, 0.9926619528250988, 0.19428918102287218, -0.6147347538638721, -0.933540672160384, 0.4765954843891611, 