{"fitness": 1.4084703926091002, "nodeCount": [5, 13, 8, 13, 3], "neurons": [["{\"bias\": 0.3443742287627014, \"weights\": [-0.351287121818715, 0.6633052340069958, 0.959331965757585, -0.9309525274670478, 0.48127877028809163]}", "{\"bias\": 0.46434364887828283, \"weights\": [0.9387902595293116, -0.3106052048515302, 0.6986671867693628, -0.963574030823495, 0.3269604364184968]}", "{\"bias\": 0.9441975034069792, \"weights\": [-0.3856449588317943, -0.4217370969794201, 0.9145318559799154, 0.436913642051624, -0.4261801016480735]}", "{\"bias\": -0.23633916975879576, \"weights\": [0.13001280019494033, -0.7719180789103579, 0.629658627666491, 0.7895601045684828, -0.5299580991739599]}", "{\"bias\": 0.42269782615297036, \"weights\": [-0.9519579103066376, 0.7082867597466778, 0.7000870928985343, 0.026685681944474737, 0.5284802302244371]}", "{\"bias\": -0.9660958124399428, \"weights\": [-0.179500417381941, 0.6846183692171299, -0.12013548702709143, 0.6075631923903522, 0.1327056851255013]}", "{\"bias\": -0.5520578751685392, \"weights\": [0.9790911749131685, 0.8111316581380963, 0.06505176099721677, -0.05671692439501563, -0.9248164233154452]}", "{\"bias\": -0.8706807060431918, \"weights\": [-0.4891930117775005, 0.7946510032259895, -0.6193752318707832, -0.06847788809014799, -0.8843939136049799]}", "{\"bias\": 0.48189110776920163, \"weights\": [0.15354533788969582, -0.6722750074691828, 0.7516235179741189, 0.0894796128726667, 0.574350995121353]}", "{\"bias\": -0.13333001990816307, \"weights\": [0.1651645127892054, 0.6043927934355735, -0.06398370254832253, -0.30709655087833454, -0.137729674251575]}", "{\"bias\": 0.07340607835282897, \"weights\": [0.3499760234204592, 0.33806509091175796, -0.5454775242528451, 0.9178023909187811, 0.6483541260083725]}", "{\"bias\": 0.9718156813516703, \"weights\": [-0.6370873514946569, -0.19720707859434494, 0.34558676695320756, -0.09941061136085927, 0.4959216963108304]}", "{\"bias\": -0.7536189084116005, \"weights\": [-0.7740919870092056, 0.8047758055262546, 0.4023547110286987, -0.2323714441961826, 0.07047928606588316]}"], ["{\"bias\": 0.09746621846577841, \"weights\": [0.37690832817654085, 0.622076595744433, -0.6112916675815474, 0.8320051342083223, -0.3216424135984992, -0.9754366966815322, 0.09269634858713394, -0.4826928477185213, -0.2217905187809528, 0.1434832190202351, -0.6966305915774378, -0.844555915668606, 0.016398328319162214]}", "{\"bias\": -0.036442773009321305, \"weights\": [-0.30585665406228646, 0.8559131871218213, 0.12242301448656079, 0.38714427542897334, 0.2193968515791882, -0.2592120118028358, 0.5898937493951235, 0.9813621455711454, -0.7721768718669006, 0.8014720441834333, 0.6104137731115653, 0.13200164042939888, 0.42592098482239416]}", "{\"bias\": 0.2873045877194167, \"weights\": [-0.43948980533206283, -0.2086869439014607, -0.6873004105098661, 0.7533908586182434, -0.38183678369912744, -0.45407411442479173, -0.7840421535670576, 0.24288352176691186, -0.36451124287772263, 0.5480136240265072, -0.6217555669299004, -0.43117640229891463, 0.39472617835825696]}", "{\"bias\": 0.6168100426765943, \"weights\": [0.5209759796515503, -0.010019829937050417, -0.7124737339366378, 0.7330102251115791, 0.8480069964827637, -0.4928547872558193, 0.8428519912473695, 0.5135982275215565, 0.17523142531789437, -0.19194725483073038, 0.45380683030897484, 0.2272796163813282, 0.08017050463359254]}", "{\"bias\": 0.5553627075654584, \"weights\": [0.02364502933330548, -0.10318628154429854, 0.5215928247432207, 0.6166337628780876, -0.043075958927616176, 0.8046876157494913, -0.5393694247550949, 0.6969171326902561, 0.8902056541713033, -0.6019264569746205, -0.02397586764516557, -0.9146656808330815, 0.2575957292088513]}", "{\"bias\": 0.5698120192457055, \"weights\": [-0.9781888098751068, 0.7754783737781765, 0.6611673706639822, 0.9763233434535192, -0.3035388655723239, 0.06047677977208665, 0.2955401020180719, -0.6184380559965579, 0.21283176304667273, -0.86232211827513, -0.7461225756327481, 0.3895623692482899, 0.8230724093620123]}", "{\"bias\": -0.5468657934975056, \"weights\": [0.44782254749343964, -0.9446001897583876, -0.320639508230508, -0.20668314314189984, -0.6984469592028701, -0.16192726199858898, 0.49859207884388534, 0.9376792328234898, -0.08800805162981029, 0.32073931953307255, -0.06122937479969681, -0.2572899429277986, -0.033551937646235874]}", "{\"bias\": -0.7916917244346537, \"weights\": [0.5875669265440193, -0.984324387358738, 0.9402762569770655, 0.37119454437707033, 0.7843868840015262, -0.5644224049344087, -0.633299385477528, -0.42526373585527333, 0.7474265882417541, 0.0016312107088714, -0.8582563640334768, -0.7011068300822825, 0.40476095103163345]}"], ["{\"bias\": -0.3935502147931462, \"weights\": [-0.8164976123543675, -0.3443258702650842, 0.8912038012243539, 0.8960309937243423, -0.023490244904014412, -0.5028387127020955, -0.5995658851336145, 0.7589475200414757]}", "{\"bias\": -0.9682759963464156, \"weights\": [0.6728489035151797, -0.10225110275998683, 0.07809685319533077, 0.786660118422829, -0.6102776340588534, -0.09828813370561051, -0.40445196466214717, 0.3984178676982324]}", "{\"bias\": -0.23223256714128504, \"weights\": [0.6248380830167837, -0.9158658953493373, 0.582280667433644, -0.36200853123606347, 0.9755732353122306, -0.2832345254710835, 0.2912633362287349, 0.5127288142939064]}", "{\"bias\": 0.23346619036526528, \"weights\": [-0.6317468071075907, -0.2040621018324491, 0.6364761635653073, 0.8805658160904428, -0.979680625038446, -0.6199183272597029, 0.4303786309536546, 0.13049390786191672]}", "{\"bias\": -0.6836969373835327, \"weights\": [0.6481613428860484, 0.6894473195731943, 0.140884622757655, 0.2624153126613682, 0.5115699281628008, -0.3514016056656408, -0.07090578716902374, 0.6163590401196202]}", "{\"bias\": 0.21520345177763356, \"weights\": [0.35333077674548985, 0.4208718549891548, 0.775914712013366, -0.5989312830636779, 0.04343621507223694, 0.5540330759860719, 0.6919492914988106, 0.7253896283227947]}", "{\"bias\": -0.49243065036019207, \"weights\": [-0.6326422055912619, 0.682807677503082, 0.5633018385063189, -0.13508696310034995, -0.04733321103555865, -0.07281399840307468, 0.5443287359984899, -0.7357374749700336]}", "{\"bias\": -0.7574155596873144, \"weights\": [0.21170460226125276, -0.9489208596149608, -0.42658516885202635, -0.8922842216549818, 0.23166090933200612, -0.428731518365165, -0.17077538935630954, 0.12406709521736681]}", "{\"bias\": 0.01885365130260075, \"weights\": [0.8777562498375557, -0.7975524051560179, 0.6730445056047101, 0.5505206832028564, 0.2949342733662563, -0.2454886406087553, 0.9332464353084262, -0.6779115683429222]}", "{\"bias\": -0.25202356821842176, \"weights\": [0.8693164972103642, 0.6163318782738529, 0.25446269265442734, 0.648863500649256, 0.260669585643432, 0.5576341246902994, -0.9385613093370029, -0.6613146264047194]}", "{\"bias\": -0.7769793726123051, \"weights\": [-0.054759681635432544, -0.09123099773983467, 0.8902544968179456, -0.47937111524273, -0.052954985346505445, -0.08109928010587564, 0.41537684800496155, 0.8906444367390636]}", "{\"bias\": 0.4414101232811054, \"weights\": [0.8665536825081639, 0.9608387985400444, -0.9289803129662715, 0.8736209519348459, -0.6956311681518863, 0.02609012058978255, -0.4497769281354984, -0.6488943146198143]}", "{\"bias\": 0.316848157977881, \"weights\": [-0.693011261637132, 0.6666880898742598, 0.9033367123435878, 0.36670074860505397, -0.3989565288156476, 0.18028463153358198, -0.1639996620688675, -0.2562125406348337]}"], ["{\"bias\": -0.08805122252940012, \"weights\": [0.7756759339418038, 0.9063308572862625, -0.7352093815004714, -0.8572770265052352, 0.6986471829269354, -0.4269813555464044, -0.11539981853847459, 0.9453068650469167, -0.4479588721608594, 0.4638189806816102, 0.9613364600539327, -0.35920187071059884, -0.5352216502660201]}", "{\"bias\": 0.19820434946019216, \"weights\": [0.14298393007874965, 0.23168787089686838, 0.35303935937128905, -0.14725094174196274, 0.07775512143190522, 0.2689739384793879, 0.9230086304275584, -0.32635528780590684, 0.6696144767558465, -0.5193475398997334, 