{"initial_reset_timestamp": 1627871175.138263, "timestamps": [1627871186.6372747, 1627871220.2144697, 1627871252.9584699], "episode_lengths": [546, 1600, 1600], "episode_rewards": [-149.69400300403308, -108.96793209737437, -106.20537588312041], "episode_types": ["t", "t", "t", "t"]}